[
  {
    "name": "Application Start",
    "start": 1608553562958,
    "end": 1608553563348,
    "duration": 390,
    "pid": 17008,
    "index": 0
  },
  {
    "name": "Load Plugin",
    "start": 1608553562961,
    "end": 1608553562977,
    "duration": 16,
    "pid": 17008,
    "index": 1
  },
  {
    "name": "Load Config",
    "start": 1608553562977,
    "end": 1608553562994,
    "duration": 17,
    "pid": 17008,
    "index": 2
  },
  {
    "name": "Require(0) config/config.default.js",
    "start": 1608553562978,
    "end": 1608553562978,
    "duration": 0,
    "pid": 17008,
    "index": 3
  },
  {
    "name": "Require(1) node_modules/egg-session/config/config.default.js",
    "start": 1608553562979,
    "end": 1608553562979,
    "duration": 0,
    "pid": 17008,
    "index": 4
  },
  {
    "name": "Require(2) node_modules/egg-security/config/config.default.js",
    "start": 1608553562980,
    "end": 1608553562980,
    "duration": 0,
    "pid": 17008,
    "index": 5
  },
  {
    "name": "Require(3) node_modules/egg-jsonp/config/config.default.js",
    "start": 1608553562981,
    "end": 1608553562981,
    "duration": 0,
    "pid": 17008,
    "index": 6
  },
  {
    "name": "Require(4) node_modules/egg-onerror/config/config.default.js",
    "start": 1608553562981,
    "end": 1608553562982,
    "duration": 1,
    "pid": 17008,
    "index": 7
  },
  {
    "name": "Require(5) node_modules/egg-i18n/config/config.default.js",
    "start": 1608553562982,
    "end": 1608553562982,
    "duration": 0,
    "pid": 17008,
    "index": 8
  },
  {
    "name": "Require(6) node_modules/egg-watcher/config/config.default.js",
    "start": 1608553562983,
    "end": 1608553562983,
    "duration": 0,
    "pid": 17008,
    "index": 9
  },
  {
    "name": "Require(7) node_modules/egg-schedule/config/config.default.js",
    "start": 1608553562983,
    "end": 1608553562984,
    "duration": 1,
    "pid": 17008,
    "index": 10
  },
  {
    "name": "Require(8) node_modules/egg-multipart/config/config.default.js",
    "start": 1608553562984,
    "end": 1608553562985,
    "duration": 1,
    "pid": 17008,
    "index": 11
  },
  {
    "name": "Require(9) node_modules/egg-development/config/config.default.js",
    "start": 1608553562985,
    "end": 1608553562985,
    "duration": 0,
    "pid": 17008,
    "index": 12
  },
  {
    "name": "Require(10) node_modules/egg-logrotator/config/config.default.js",
    "start": 1608553562986,
    "end": 1608553562986,
    "duration": 0,
    "pid": 17008,
    "index": 13
  },
  {
    "name": "Require(11) node_modules/egg-static/config/config.default.js",
    "start": 1608553562986,
    "end": 1608553562987,
    "duration": 1,
    "pid": 17008,
    "index": 14
  },
  {
    "name": "Require(12) node_modules/egg-view/config/config.default.js",
    "start": 1608553562987,
    "end": 1608553562987,
    "duration": 0,
    "pid": 17008,
    "index": 15
  },
  {
    "name": "Require(13) node_modules/egg-cors/config/config.default.js",
    "start": 1608553562988,
    "end": 1608553562988,
    "duration": 0,
    "pid": 17008,
    "index": 16
  },
  {
    "name": "Require(14) node_modules/egg-mysql/config/config.default.js",
    "start": 1608553562989,
    "end": 1608553562989,
    "duration": 0,
    "pid": 17008,
    "index": 17
  },
  {
    "name": "Require(15) node_modules/egg/config/config.default.js",
    "start": 1608553562989,
    "end": 1608553562990,
    "duration": 1,
    "pid": 17008,
    "index": 18
  },
  {
    "name": "Require(16) config/config.default.js",
    "start": 1608553562990,
    "end": 1608553562990,
    "duration": 0,
    "pid": 17008,
    "index": 19
  },
  {
    "name": "Require(17) node_modules/egg-security/config/config.local.js",
    "start": 1608553562991,
    "end": 1608553562991,
    "duration": 0,
    "pid": 17008,
    "index": 20
  },
  {
    "name": "Require(18) node_modules/egg-watcher/config/config.local.js",
    "start": 1608553562992,
    "end": 1608553562992,
    "duration": 0,
    "pid": 17008,
    "index": 21
  },
  {
    "name": "Require(19) node_modules/egg-view/config/config.local.js",
    "start": 1608553562993,
    "end": 1608553562993,
    "duration": 0,
    "pid": 17008,
    "index": 22
  },
  {
    "name": "Require(20) node_modules/egg/config/config.local.js",
    "start": 1608553562994,
    "end": 1608553562994,
    "duration": 0,
    "pid": 17008,
    "index": 23
  },
  {
    "name": "Load extend/application.js",
    "start": 1608553562995,
    "end": 1608553563004,
    "duration": 9,
    "pid": 17008,
    "index": 24
  },
  {
    "name": "Require(21) node_modules/egg-session/app/extend/application.js",
    "start": 1608553562995,
    "end": 1608553562996,
    "duration": 1,
    "pid": 17008,
    "index": 25
  },
  {
    "name": "Require(22) node_modules/egg-security/app/extend/application.js",
    "start": 1608553562996,
    "end": 1608553562997,
    "duration": 1,
    "pid": 17008,
    "index": 26
  },
  {
    "name": "Require(23) node_modules/egg-jsonp/app/extend/application.js",
    "start": 1608553562997,
    "end": 1608553562998,
    "duration": 1,
    "pid": 17008,
    "index": 27
  },
  {
    "name": "Require(24) node_modules/egg-logrotator/app/extend/application.js",
    "start": 1608553562999,
    "end": 1608553563000,
    "duration": 1,
    "pid": 17008,
    "index": 28
  },
  {
    "name": "Require(25) node_modules/egg-view/app/extend/application.js",
    "start": 1608553563001,
    "end": 1608553563001,
    "duration": 0,
    "pid": 17008,
    "index": 29
  },
  {
    "name": "Load extend/request.js",
    "start": 1608553563004,
    "end": 1608553563009,
    "duration": 5,
    "pid": 17008,
    "index": 30
  },
  {
    "name": "Require(26) node_modules/egg/app/extend/request.js",
    "start": 1608553563006,
    "end": 1608553563007,
    "duration": 1,
    "pid": 17008,
    "index": 31
  },
  {
    "name": "Load extend/response.js",
    "start": 1608553563009,
    "end": 1608553563014,
    "duration": 5,
    "pid": 17008,
    "index": 32
  },
  {
    "name": "Require(27) node_modules/egg/app/extend/response.js",
    "start": 1608553563011,
    "end": 1608553563011,
    "duration": 0,
    "pid": 17008,
    "index": 33
  },
  {
    "name": "Load extend/context.js",
    "start": 1608553563014,
    "end": 1608553563057,
    "duration": 43,
    "pid": 17008,
    "index": 34
  },
  {
    "name": "Require(28) node_modules/egg-security/app/extend/context.js",
    "start": 1608553563014,
    "end": 1608553563024,
    "duration": 10,
    "pid": 17008,
    "index": 35
  },
  {
    "name": "Require(29) node_modules/egg-jsonp/app/extend/context.js",
    "start": 1608553563025,
    "end": 1608553563026,
    "duration": 1,
    "pid": 17008,
    "index": 36
  },
  {
    "name": "Require(30) node_modules/egg-i18n/app/extend/context.js",
    "start": 1608553563026,
    "end": 1608553563026,
    "duration": 0,
    "pid": 17008,
    "index": 37
  },
  {
    "name": "Require(31) node_modules/egg-multipart/app/extend/context.js",
    "start": 1608553563027,
    "end": 1608553563051,
    "duration": 24,
    "pid": 17008,
    "index": 38
  },
  {
    "name": "Require(32) node_modules/egg-view/app/extend/context.js",
    "start": 1608553563052,
    "end": 1608553563052,
    "duration": 0,
    "pid": 17008,
    "index": 39
  },
  {
    "name": "Require(33) node_modules/egg-validate/app/extend/context.js",
    "start": 1608553563053,
    "end": 1608553563053,
    "duration": 0,
    "pid": 17008,
    "index": 40
  },
  {
    "name": "Require(34) node_modules/egg/app/extend/context.js",
    "start": 1608553563054,
    "end": 1608553563054,
    "duration": 0,
    "pid": 17008,
    "index": 41
  },
  {
    "name": "Load extend/helper.js",
    "start": 1608553563057,
    "end": 1608553563075,
    "duration": 18,
    "pid": 17008,
    "index": 42
  },
  {
    "name": "Require(35) node_modules/egg-security/app/extend/helper.js",
    "start": 1608553563057,
    "end": 1608553563069,
    "duration": 12,
    "pid": 17008,
    "index": 43
  },
  {
    "name": "Require(36) node_modules/egg/app/extend/helper.js",
    "start": 1608553563071,
    "end": 1608553563071,
    "duration": 0,
    "pid": 17008,
    "index": 44
  },
  {
    "name": "Load app.js",
    "start": 1608553563076,
    "end": 1608553563121,
    "duration": 45,
    "pid": 17008,
    "index": 45
  },
  {
    "name": "Require(37) node_modules/egg-session/app.js",
    "start": 1608553563076,
    "end": 1608553563076,
    "duration": 0,
    "pid": 17008,
    "index": 46
  },
  {
    "name": "Require(38) node_modules/egg-security/app.js",
    "start": 1608553563077,
    "end": 1608553563077,
    "duration": 0,
    "pid": 17008,
    "index": 47
  },
  {
    "name": "Require(39) node_modules/egg-onerror/app.js",
    "start": 1608553563078,
    "end": 1608553563085,
    "duration": 7,
    "pid": 17008,
    "index": 48
  },
  {
    "name": "Require(40) node_modules/egg-i18n/app.js",
    "start": 1608553563085,
    "end": 1608553563097,
    "duration": 12,
    "pid": 17008,
    "index": 49
  },
  {
    "name": "Require(41) node_modules/egg-watcher/app.js",
    "start": 1608553563097,
    "end": 1608553563100,
    "duration": 3,
    "pid": 17008,
    "index": 50
  },
  {
    "name": "Require(42) node_modules/egg-schedule/app.js",
    "start": 1608553563100,
    "end": 1608553563101,
    "duration": 1,
    "pid": 17008,
    "index": 51
  },
  {
    "name": "Require(43) node_modules/egg-multipart/app.js",
    "start": 1608553563102,
    "end": 1608553563103,
    "duration": 1,
    "pid": 17008,
    "index": 52
  },
  {
    "name": "Require(44) node_modules/egg-development/app.js",
    "start": 1608553563104,
    "end": 1608553563104,
    "duration": 0,
    "pid": 17008,
    "index": 53
  },
  {
    "name": "Require(45) node_modules/egg-logrotator/app.js",
    "start": 1608553563104,
    "end": 1608553563104,
    "duration": 0,
    "pid": 17008,
    "index": 54
  },
  {
    "name": "Require(46) node_modules/egg-static/app.js",
    "start": 1608553563105,
    "end": 1608553563105,
    "duration": 0,
    "pid": 17008,
    "index": 55
  },
  {
    "name": "Require(47) node_modules/egg-validate/app.js",
    "start": 1608553563105,
    "end": 1608553563106,
    "duration": 1,
    "pid": 17008,
    "index": 56
  },
  {
    "name": "Require(48) node_modules/egg-cors/app.js",
    "start": 1608553563107,
    "end": 1608553563107,
    "duration": 0,
    "pid": 17008,
    "index": 57
  },
  {
    "name": "Require(49) node_modules/egg-mysql/app.js",
    "start": 1608553563107,
    "end": 1608553563120,
    "duration": 13,
    "pid": 17008,
    "index": 58
  },
  {
    "name": "Before Start in node_modules/egg-watcher/lib/init.js:15:14",
    "start": 1608553563130,
    "end": 1608553563348,
    "duration": 218,
    "pid": 17008,
    "index": 59
  },
  {
    "name": "Before Start in node_modules/egg-mysql/lib/mysql.js:20:7",
    "start": 1608553563206,
    "end": 1608553563346,
    "duration": 140,
    "pid": 17008,
    "index": 60
  },
  {
    "name": "Load Service",
    "start": 1608553563206,
    "end": 1608553563222,
    "duration": 16,
    "pid": 17008,
    "index": 61
  },
  {
    "name": "Load \"service\" to Context",
    "start": 1608553563206,
    "end": 1608553563222,
    "duration": 16,
    "pid": 17008,
    "index": 62
  },
  {
    "name": "Load Middleware",
    "start": 1608553563222,
    "end": 1608553563311,
    "duration": 89,
    "pid": 17008,
    "index": 63
  },
  {
    "name": "Load \"middlewares\" to Application",
    "start": 1608553563222,
    "end": 1608553563302,
    "duration": 80,
    "pid": 17008,
    "index": 64
  },
  {
    "name": "Load Controller",
    "start": 1608553563311,
    "end": 1608553563324,
    "duration": 13,
    "pid": 17008,
    "index": 65
  },
  {
    "name": "Load \"controller\" to Application",
    "start": 1608553563311,
    "end": 1608553563324,
    "duration": 13,
    "pid": 17008,
    "index": 66
  },
  {
    "name": "Load Router",
    "start": 1608553563324,
    "end": 1608553563327,
    "duration": 3,
    "pid": 17008,
    "index": 67
  },
  {
    "name": "Require(50) app/router.js",
    "start": 1608553563324,
    "end": 1608553563325,
    "duration": 1,
    "pid": 17008,
    "index": 68
  },
  {
    "name": "Before Start in node_modules/egg-core/lib/egg.js:303:10",
    "start": 1608553563325,
    "end": 1608553563336,
    "duration": 11,
    "pid": 17008,
    "index": 69
  }
]